time,station_id,Water_Level_LAT,Water_Level_OD_Malin,QC_Flag
UTC,,metres,metres,
2022-02-22T11:15:00Z,Aranmore Island - Leabgarrow,3.225,1.022,0
2022-02-22T11:20:00Z,Aranmore Island - Leabgarrow,3.161,0.958,0
2022-02-22T11:25:00Z,Aranmore Island - Leabgarrow,3.275,1.072,0
2022-02-22T11:30:00Z,Aranmore Island - Leabgarrow,3.116,0.913,0
2022-02-22T11:35:00Z,Aranmore Island - Leabgarrow,3.112,0.909,0
2022-02-22T11:40:00Z,Aranmore Island - Leabgarrow,3.049,0.846,0
2022-02-22T11:45:00Z,Aranmore Island - Leabgarrow,3.049,0.846,0
2022-02-22T11:50:00Z,Aranmore Island - Leabgarrow,3.095,0.892,0
2022-02-22T11:55:00Z,Aranmore Island - Leabgarrow,2.845,0.642,0
2022-02-22T12:00:00Z,Aranmore Island - Leabgarrow,2.847,0.644,0
2022-02-22T12:05:00Z,Aranmore Island - Leabgarrow,2.772,0.569,0
2022-02-22T12:10:00Z,Aranmore Island - Leabgarrow,2.797,0.594,0
2022-02-22T12:15:00Z,Aranmore Island - Leabgarrow,2.543,0.34,0
2022-02-22T12:20:00Z,Aranmore Island - Leabgarrow,2.421,0.218,0
2022-02-22T12:25:00Z,Aranmore Island - Leabgarrow,2.542,0.339,0
2022-02-22T12:30:00Z,Aranmore Island - Leabgarrow,2.592,0.389,0
2022-02-22T12:35:00Z,Aranmore Island - Leabgarrow,2.163,-0.04,0
2022-02-22T12:40:00Z,Aranmore Island - Leabgarrow,2.418,0.215,0
2022-02-22T12:45:00Z,Aranmore Island - Leabgarrow,2.263,0.06,0
2022-02-22T12:50:00Z,Aranmore Island - Leabgarrow,2.241,0.038,0
2022-02-22T12:55:00Z,Aranmore Island - Leabgarrow,2.013,-0.19,0
2022-02-22T13:00:00Z,Aranmore Island - Leabgarrow,2.035,-0.168,0
2022-02-22T13:05:00Z,Aranmore Island - Leabgarrow,1.825,-0.378,0
2022-02-22T13:10:00Z,Aranmore Island - Leabgarrow,1.851,-0.352,0
2022-02-22T13:15:00Z,Aranmore Island - Leabgarrow,1.786,-0.417,0
2022-02-22T13:20:00Z,Aranmore Island - Leabgarrow,1.814,-0.389,0
2022-02-22T13:25:00Z,Aranmore Island - Leabgarrow,1.64,-0.563,0
2022-02-22T13:30:00Z,Aranmore Island - Leabgarrow,1.544,-0.659,0
2022-02-22T13:35:00Z,Aranmore Island - Leabgarrow,1.6,-0.603,0
2022-02-22T13:40:00Z,Aranmore Island - Leabgarrow,1.577,-0.626,0
2022-02-22T13:45:00Z,Aranmore Island - Leabgarrow,1.687,-0.516,0
2022-02-22T13:50:00Z,Aranmore Island - Leabgarrow,1.383,-0.82,0
2022-02-22T13:55:00Z,Aranmore Island - Leabgarrow,1.409,-0.794,0
2022-02-22T14:00:00Z,Aranmore Island - Leabgarrow,1.486,-0.717,0
2022-02-22T14:05:00Z,Aranmore Island - Leabgarrow,1.425,-0.778,0
2022-02-22T14:10:00Z,Aranmore Island - Leabgarrow,1.425,-0.778,0
2022-02-22T14:15:00Z,Aranmore Island - Leabgarrow,1.286,-0.917,0
2022-02-22T14:20:00Z,Aranmore Island - Leabgarrow,1.381,-0.822,0
2022-02-22T14:25:00Z,Aranmore Island - Leabgarrow,1.382,-0.821,0
2022-02-22T14:30:00Z,Aranmore Island - Leabgarrow,1.239,-0.964,0
2022-02-22T14:35:00Z,Aranmore Island - Leabgarrow,1.165,-1.038,0
2022-02-22T14:40:00Z,Aranmore Island - Leabgarrow,1.149,-1.054,0
2022-02-22T14:45:00Z,Aranmore Island - Leabgarrow,1.078,-1.125,0
2022-02-22T14:50:00Z,Aranmore Island - Leabgarrow,1.146,-1.057,0
2022-02-22T14:55:00Z,Aranmore Island - Leabgarrow,1.145,-1.058,0
2022-02-22T15:00:00Z,Aranmore Island - Leabgarrow,1.253,-0.95,0
2022-02-22T15:05:00Z,Aranmore Island - Leabgarrow,1.102,-1.101,0
2022-02-22T15:10:00Z,Aranmore Island - Leabgarrow,1.024,-1.179,0
2022-02-22T15:15:00Z,Aranmore Island - Leabgarrow,1.099,-1.104,0
2022-02-22T15:20:00Z,Aranmore Island - Leabgarrow,0.953,-1.25,0
2022-02-22T15:25:00Z,Aranmore Island - Leabgarrow,1.081,-1.122,0
2022-02-22T15:30:00Z,Aranmore Island - Leabgarrow,1.027,-1.176,0
2022-02-22T15:35:00Z,Aranmore Island - Leabgarrow,1.174,-1.029,0
2022-02-22T15:40:00Z,Aranmore Island - Leabgarrow,1.154,-1.049,0
2022-02-22T15:45:00Z,Aranmore Island - Leabgarrow,1.062,-1.141,0
2022-02-22T15:50:00Z,Aranmore Island - Leabgarrow,1.198,-1.005,0
2022-02-22T15:55:00Z,Aranmore Island - Leabgarrow,1.082,-1.121,0
2022-02-22T16:00:00Z,Aranmore Island - Leabgarrow,1.198,-1.005,0
2022-02-22T16:05:00Z,Aranmore Island - Leabgarrow,1.007,-1.196,0
2022-02-22T16:10:00Z,Aranmore Island - Leabgarrow,1.066,-1.137,0
2022-02-22T16:15:00Z,Aranmore Island - Leabgarrow,1.003,-1.2,0
2022-02-22T16:20:00Z,Aranmore Island - Leabgarrow,1.274,-0.929,0
2022-02-22T16:25:00Z,Aranmore Island - Leabgarrow,1.106,-1.097,0
2022-02-22T16:30:00Z,Aranmore Island - Leabgarrow,1.227,-0.976,0
2022-02-22T16:35:00Z,Aranmore Island - Leabgarrow,1.314,-0.889,0
2022-02-22T16:40:00Z,Aranmore Island - Leabgarrow,0.998,-1.205,0
2022-02-22T16:45:00Z,Aranmore Island - Leabgarrow,1.2,-1.003,0
2022-02-22T16:50:00Z,Aranmore Island - Leabgarrow,1.142,-1.061,0
2022-02-22T16:55:00Z,Aranmore Island - Leabgarrow,1.396,-0.807,0
2022-02-22T17:00:00Z,Aranmore Island - Leabgarrow,1.331,-0.872,0
2022-02-22T17:05:00Z,Aranmore Island - Leabgarrow,1.258,-0.945,0
2022-02-22T17:10:00Z,Aranmore Island - Leabgarrow,1.439,-0.764,0
2022-02-22T17:15:00Z,Aranmore Island - Leabgarrow,1.227,-0.976,0
2022-02-22T17:20:00Z,Aranmore Island - Leabgarrow,1.323,-0.88,0
2022-02-22T17:25:00Z,Aranmore Island - Leabgarrow,1.425,-0.778,0
2022-02-22T17:30:00Z,Aranmore Island - Leabgarrow,1.709,-0.494,0
2022-02-22T17:35:00Z,Aranmore Island - Leabgarrow,1.597,-0.606,0
2022-02-22T17:40:00Z,Aranmore Island - Leabgarrow,1.596,-0.607,0
2022-02-22T17:45:00Z,Aranmore Island - Leabgarrow,1.597,-0.606,0
2022-02-22T17:50:00Z,Aranmore Island - Leabgarrow,1.69,-0.513,0
2022-02-22T17:55:00Z,Aranmore Island - Leabgarrow,1.671,-0.532,0
2022-02-22T18:00:00Z,Aranmore Island - Leabgarrow,1.607,-0.596,0
2022-02-22T18:05:00Z,Aranmore Island - Leabgarrow,1.88,-0.323,0
2022-02-22T18:10:00Z,Aranmore Island - Leabgarrow,1.795,-0.408,0
2022-02-22T18:15:00Z,Aranmore Island - Leabgarrow,1.881,-0.322,0
2022-02-22T18:20:00Z,Aranmore Island - Leabgarrow,1.897,-0.306,0
2022-02-22T18:25:00Z,Aranmore Island - Leabgarrow,1.805,-0.398,0
2022-02-22T18:30:00Z,Aranmore Island - Leabgarrow,1.896,-0.307,0
2022-02-22T18:35:00Z,Aranmore Island - Leabgarrow,2.115,-0.088,0
2022-02-22T18:40:00Z,Aranmore Island - Leabgarrow,2.123,-0.08,0
2022-02-22T18:45:00Z,Aranmore Island - Leabgarrow,2.105,-0.098,0
2022-02-22T18:50:00Z,Aranmore Island - Leabgarrow,2.305,0.102,0
2022-02-22T18:55:00Z,Aranmore Island - Leabgarrow,2.261,0.058,0
2022-02-22T19:00:00Z,Aranmore Island - Leabgarrow,2.44,0.237,0
2022-02-22T19:05:00Z,Aranmore Island - Leabgarrow,2.498,0.295,0
2022-02-22T19:10:00Z,Aranmore Island - Leabgarrow,2.264,0.061,0
2022-02-22T19:15:00Z,Aranmore Island - Leabgarrow,2.347,0.144,0
2022-02-22T19:20:00Z,Aranmore Island - Leabgarrow,2.473,0.27,0
2022-02-22T19:25:00Z,Aranmore Island - Leabgarrow,2.709,0.506,0
2022-02-22T19:30:00Z,Aranmore Island - Leabgarrow,2.804,0.601,0
2022-02-22T19:35:00Z,Aranmore Island - Leabgarrow,2.729,0.526,0
2022-02-22T19:40:00Z,Aranmore Island - Leabgarrow,2.838,0.635,0
2022-02-22T19:45:00Z,Aranmore Island - Leabgarrow,2.845,0.642,0
2022-02-22T19:50:00Z,Aranmore Island - Leabgarrow,2.706,0.503,0
2022-02-22T19:55:00Z,Aranmore Island - Leabgarrow,2.956,0.753,0
2022-02-22T20:00:00Z,Aranmore Island - Leabgarrow,2.976,0.773,0
2022-02-22T20:05:00Z,Aranmore Island - Leabgarrow,2.985,0.782,0
2022-02-22T20:10:00Z,Aranmore Island - Leabgarrow,3.018,0.815,0
2022-02-22T20:15:00Z,Aranmore Island - Leabgarrow,2.892,0.689,0
2022-02-22T20:20:00Z,Aranmore Island - Leabgarrow,3.002,0.799,0
2022-02-22T20:25:00Z,Aranmore Island - Leabgarrow,3.003,0.8,0
2022-02-22T20:30:00Z,Aranmore Island - Leabgarrow,3.183,0.98,0
2022-02-22T20:35:00Z,Aranmore Island - Leabgarrow,3.155,0.952,0
2022-02-22T20:40:00Z,Aranmore Island - Leabgarrow,3.189,0.986,0
2022-02-22T20:45:00Z,Aranmore Island - Leabgarrow,3.356,1.153,0
2022-02-22T20:50:00Z,Aranmore Island - Leabgarrow,3.11,0.907,0
2022-02-22T20:55:00Z,Aranmore Island - Leabgarrow,3.165,0.962,0
2022-02-22T21:00:00Z,Aranmore Island - Leabgarrow,3.185,0.982,0
2022-02-22T21:05:00Z,Aranmore Island - Leabgarrow,3.276,1.073,0
2022-02-22T21:10:00Z,Aranmore Island - Leabgarrow,3.179,0.976,0
2022-02-22T21:15:00Z,Aranmore Island - Leabgarrow,3.291,1.088,0
2022-02-22T21:20:00Z,Aranmore Island - Leabgarrow,3.232,1.029,0
2022-02-22T21:25:00Z,Aranmore Island - Leabgarrow,3.21,1.007,0
2022-02-22T21:30:00Z,Aranmore Island - Leabgarrow,3.449,1.246,0
2022-02-22T21:35:00Z,Aranmore Island - Leabgarrow,3.427,1.224,0
2022-02-22T21:40:00Z,Aranmore Island - Leabgarrow,3.439,1.236,0
2022-02-22T21:45:00Z,Aranmore Island - Leabgarrow,3.379,1.176,0
2022-02-22T21:50:00Z,Aranmore Island - Leabgarrow,3.369,1.166,0
2022-02-22T21:55:00Z,Aranmore Island - Leabgarrow,3.504,1.301,0
2022-02-22T22:00:00Z,Aranmore Island - Leabgarrow,3.375,1.172,0
2022-02-22T22:05:00Z,Aranmore Island - Leabgarrow,3.292,1.089,0
2022-02-22T22:10:00Z,Aranmore Island - Leabgarrow,3.308,1.105,0
2022-02-22T22:15:00Z,Aranmore Island - Leabgarrow,3.187,0.984,0
2022-02-22T22:20:00Z,Aranmore Island - Leabgarrow,3.424,1.221,0
2022-02-22T22:25:00Z,Aranmore Island - Leabgarrow,3.294,1.091,0
2022-02-22T22:30:00Z,Aranmore Island - Leabgarrow,3.087,0.884,0
2022-02-22T22:35:00Z,Aranmore Island - Leabgarrow,3.261,1.058,0
2022-02-22T22:40:00Z,Aranmore Island - Leabgarrow,3.452,1.249,0
2022-02-22T22:45:00Z,Aranmore Island - Leabgarrow,3.049,0.846,0
2022-02-22T22:50:00Z,Aranmore Island - Leabgarrow,3.056,0.853,0
2022-02-22T22:55:00Z,Aranmore Island - Leabgarrow,3.004,0.801,0
2022-02-22T23:00:00Z,Aranmore Island - Leabgarrow,3.09,0.887,0
2022-02-22T23:05:00Z,Aranmore Island - Leabgarrow,3.268,1.065,0
2022-02-22T23:10:00Z,Aranmore Island - Leabgarrow,3.222,1.019,0
2022-02-22T23:15:00Z,Aranmore Island - Leabgarrow,3.113,0.91,0
2022-02-22T23:20:00Z,Aranmore Island - Leabgarrow,3.002,0.799,0
2022-02-22T23:25:00Z,Aranmore Island - Leabgarrow,2.894,0.691,0
2022-02-22T23:30:00Z,Aranmore Island - Leabgarrow,2.964,0.761,0
2022-02-22T23:35:00Z,Aranmore Island - Leabgarrow,2.805,0.602,0
2022-02-22T23:40:00Z,Aranmore Island - Leabgarrow,2.965,0.762,0
2022-02-22T23:45:00Z,Aranmore Island - Leabgarrow,2.742,0.539,0
2022-02-22T23:50:00Z,Aranmore Island - Leabgarrow,2.853,0.65,0
2022-02-22T23:55:00Z,Aranmore Island - Leabgarrow,2.596,0.393,0
2022-02-23T00:00:00Z,Aranmore Island - Leabgarrow,2.534,0.331,0
2022-02-23T00:05:00Z,Aranmore Island - Leabgarrow,2.645,0.442,0
2022-02-23T00:10:00Z,Aranmore Island - Leabgarrow,2.666,0.463,0
2022-02-23T00:15:00Z,Aranmore Island - Leabgarrow,2.346,0.143,0
2022-02-23T00:20:00Z,Aranmore Island - Leabgarrow,2.372,0.169,0
2022-02-23T00:25:00Z,Aranmore Island - Leabgarrow,2.31,0.107,0
2022-02-23T00:30:00Z,Aranmore Island - Leabgarrow,2.411,0.208,0
2022-02-23T00:35:00Z,Aranmore Island - Leabgarrow,2.453,0.25,0
2022-02-23T00:40:00Z,Aranmore Island - Leabgarrow,2.208,0.005,0
2022-02-23T00:45:00Z,Aranmore Island - Leabgarrow,2.2,-0.003,0
2022-02-23T00:50:00Z,Aranmore Island - Leabgarrow,2.149,-0.054,0
2022-02-23T00:55:00Z,Aranmore Island - Leabgarrow,2.262,0.059,0
2022-02-23T01:00:00Z,Aranmore Island - Leabgarrow,2.029,-0.174,0
2022-02-23T01:05:00Z,Aranmore Island - Leabgarrow,1.911,-0.292,0
2022-02-23T01:10:00Z,Aranmore Island - Leabgarrow,2.033,-0.17,0
2022-02-23T01:15:00Z,Aranmore Island - Leabgarrow,1.803,-0.4,0
2022-02-23T01:20:00Z,Aranmore Island - Leabgarrow,1.935,-0.268,0
2022-02-23T01:25:00Z,Aranmore Island - Leabgarrow,1.602,-0.601,0
2022-02-23T01:30:00Z,Aranmore Island - Leabgarrow,1.602,-0.601,0
2022-02-23T01:35:00Z,Aranmore Island - Leabgarrow,1.727,-0.476,0
2022-02-23T01:40:00Z,Aranmore Island - Leabgarrow,1.746,-0.457,0
2022-02-23T01:45:00Z,Aranmore Island - Leabgarrow,1.573,-0.63,0
2022-02-23T01:50:00Z,Aranmore Island - Leabgarrow,1.631,-0.572,0
2022-02-23T01:55:00Z,Aranmore Island - Leabgarrow,1.69,-0.513,0
2022-02-23T02:00:00Z,Aranmore Island - Leabgarrow,1.388,-0.815,0
2022-02-23T02:05:00Z,Aranmore Island - Leabgarrow,1.406,-0.797,0
2022-02-23T02:10:00Z,Aranmore Island - Leabgarrow,1.411,-0.792,0
2022-02-23T02:15:00Z,Aranmore Island - Leabgarrow,1.407,-0.796,0
2022-02-23T02:20:00Z,Aranmore Island - Leabgarrow,1.377,-0.826,0
2022-02-23T02:25:00Z,Aranmore Island - Leabgarrow,1.376,-0.827,0
2022-02-23T02:30:00Z,Aranmore Island - Leabgarrow,1.278,-0.925,0
2022-02-23T02:35:00Z,Aranmore Island - Leabgarrow,1.233,-0.97,0
2022-02-23T02:40:00Z,Aranmore Island - Leabgarrow,1.252,-0.951,0
2022-02-23T02:45:00Z,Aranmore Island - Leabgarrow,1.067,-1.136,0
2022-02-23T02:50:00Z,Aranmore Island - Leabgarrow,1.149,-1.054,0
2022-02-23T02:55:00Z,Aranmore Island - Leabgarrow,1.151,-1.052,0
2022-02-23T03:00:00Z,Aranmore Island - Leabgarrow,1.207,-0.996,0
2022-02-23T03:05:00Z,Aranmore Island - Leabgarrow,1.121,-1.082,0
2022-02-23T03:10:00Z,Aranmore Island - Leabgarrow,1.138,-1.065,0
2022-02-23T03:15:00Z,Aranmore Island - Leabgarrow,1.036,-1.167,0
2022-02-23T03:20:00Z,Aranmore Island - Leabgarrow,1.191,-1.012,0
2022-02-23T03:25:00Z,Aranmore Island - Leabgarrow,1.201,-1.002,0
2022-02-23T03:30:00Z,Aranmore Island - Leabgarrow,1.227,-0.976,0
2022-02-23T03:35:00Z,Aranmore Island - Leabgarrow,1.03,-1.173,0
2022-02-23T03:40:00Z,Aranmore Island - Leabgarrow,1.096,-1.107,0
2022-02-23T03:45:00Z,Aranmore Island - Leabgarrow,1.072,-1.131,0
2022-02-23T03:50:00Z,Aranmore Island - Leabgarrow,1.061,-1.142,0
2022-02-23T03:55:00Z,Aranmore Island - Leabgarrow,1.011,-1.192,0
2022-02-23T04:00:00Z,Aranmore Island - Leabgarrow,1.223,-0.98,0
2022-02-23T04:05:00Z,Aranmore Island - Leabgarrow,1.201,-1.002,0
2022-02-23T04:10:00Z,Aranmore Island - Leabgarrow,1.184,-1.019,0
2022-02-23T04:15:00Z,Aranmore Island - Leabgarrow,0.993,-1.21,0
2022-02-23T04:20:00Z,Aranmore Island - Leabgarrow,1.055,-1.148,0
2022-02-23T04:25:00Z,Aranmore Island - Leabgarrow,1.263,-0.94,0
2022-02-23T04:30:00Z,Aranmore Island - Leabgarrow,1.166,-1.037,0
2022-02-23T04:35:00Z,Aranmore Island - Leabgarrow,1.248,-0.955,0
2022-02-23T04:40:00Z,Aranmore Island - Leabgarrow,1.266,-0.937,0
2022-02-23T04:45:00Z,Aranmore Island - Leabgarrow,1.28,-0.923,0
2022-02-23T04:50:00Z,Aranmore Island - Leabgarrow,1.445,-0.758,0
2022-02-23T04:55:00Z,Aranmore Island - Leabgarrow,1.187,-1.016,0
2022-02-23T05:00:00Z,Aranmore Island - Leabgarrow,1.375,-0.828,0
2022-02-23T05:05:00Z,Aranmore Island - Leabgarrow,1.375,-0.828,0
2022-02-23T05:10:00Z,Aranmore Island - Leabgarrow,1.469,-0.734,0
2022-02-23T05:15:00Z,Aranmore Island - Leabgarrow,1.4,-0.803,0
2022-02-23T05:20:00Z,Aranmore Island - Leabgarrow,1.446,-0.757,0
2022-02-23T05:25:00Z,Aranmore Island - Leabgarrow,1.49,-0.713,0
2022-02-23T05:30:00Z,Aranmore Island - Leabgarrow,1.412,-0.791,0
2022-02-23T05:35:00Z,Aranmore Island - Leabgarrow,1.533,-0.67,0
2022-02-23T05:40:00Z,Aranmore Island - Leabgarrow,1.616,-0.587,0
2022-02-23T05:45:00Z,Aranmore Island - Leabgarrow,1.702,-0.501,0
2022-02-23T05:50:00Z,Aranmore Island - Leabgarrow,1.679,-0.524,0
2022-02-23T05:55:00Z,Aranmore Island - Leabgarrow,1.812,-0.391,0
2022-02-23T06:00:00Z,Aranmore Island - Leabgarrow,1.837,-0.366,0
2022-02-23T06:05:00Z,Aranmore Island - Leabgarrow,1.906,-0.297,0
2022-02-23T06:10:00Z,Aranmore Island - Leabgarrow,2.06,-0.143,0
2022-02-23T06:15:00Z,Aranmore Island - Leabgarrow,2.051,-0.152,0
2022-02-23T06:20:00Z,Aranmore Island - Leabgarrow,1.997,-0.206,0
2022-02-23T06:25:00Z,Aranmore Island - Leabgarrow,2.104,-0.099,0
2022-02-23T06:30:00Z,Aranmore Island - Leabgarrow,2.2,-0.003,0
2022-02-23T06:35:00Z,Aranmore Island - Leabgarrow,2.203,0,0
2022-02-23T06:40:00Z,Aranmore Island - Leabgarrow,2.326,0.123,0
2022-02-23T06:45:00Z,Aranmore Island - Leabgarrow,2.311,0.108,0
2022-02-23T06:50:00Z,Aranmore Island - Leabgarrow,2.299,0.096,0
2022-02-23T06:55:00Z,Aranmore Island - Leabgarrow,2.665,0.462,0
2022-02-23T07:00:00Z,Aranmore Island - Leabgarrow,2.421,0.218,0
2022-02-23T07:05:00Z,Aranmore Island - Leabgarrow,2.497,0.294,0
2022-02-23T07:10:00Z,Aranmore Island - Leabgarrow,2.537,0.334,0
2022-02-23T07:15:00Z,Aranmore Island - Leabgarrow,2.617,0.414,0
2022-02-23T07:20:00Z,Aranmore Island - Leabgarrow,2.716,0.513,0
2022-02-23T07:25:00Z,Aranmore Island - Leabgarrow,2.777,0.574,0
2022-02-23T07:30:00Z,Aranmore Island - Leabgarrow,2.84,0.637,0
2022-02-23T07:35:00Z,Aranmore Island - Leabgarrow,2.915,0.712,0
2022-02-23T07:40:00Z,Aranmore Island - Leabgarrow,2.616,0.413,0
2022-02-23T07:45:00Z,Aranmore Island - Leabgarrow,2.975,0.772,0
2022-02-23T07:50:00Z,Aranmore Island - Leabgarrow,3.116,0.913,0
2022-02-23T07:55:00Z,Aranmore Island - Leabgarrow,3.101,0.898,0
2022-02-23T08:00:00Z,Aranmore Island - Leabgarrow,3.093,0.89,0
2022-02-23T08:05:00Z,Aranmore Island - Leabgarrow,3.067,0.864,0
2022-02-23T08:10:00Z,Aranmore Island - Leabgarrow,3.1,0.897,0
2022-02-23T08:15:00Z,Aranmore Island - Leabgarrow,3.143,0.94,0
2022-02-23T08:20:00Z,Aranmore Island - Leabgarrow,3.197,0.994,0
2022-02-23T08:25:00Z,Aranmore Island - Leabgarrow,3.215,1.012,0
2022-02-23T08:30:00Z,Aranmore Island - Leabgarrow,3.307,1.104,0
2022-02-23T08:35:00Z,Aranmore Island - Leabgarrow,3.436,1.233,0
2022-02-23T08:40:00Z,Aranmore Island - Leabgarrow,3.239,1.036,0
2022-02-23T08:45:00Z,Aranmore Island - Leabgarrow,3.441,1.238,0
2022-02-23T08:50:00Z,Aranmore Island - Leabgarrow,3.095,0.892,0
2022-02-23T08:55:00Z,Aranmore Island - Leabgarrow,3.324,1.121,0
2022-02-23T09:00:00Z,Aranmore Island - Leabgarrow,3.403,1.2,0
2022-02-23T09:05:00Z,Aranmore Island - Leabgarrow,3.572,1.369,0
2022-02-23T09:10:00Z,Aranmore Island - Leabgarrow,3.563,1.36,0
2022-02-23T09:15:00Z,Aranmore Island - Leabgarrow,3.56,1.357,0
2022-02-23T09:20:00Z,Aranmore Island - Leabgarrow,3.714,1.511,0
2022-02-23T09:25:00Z,Aranmore Island - Leabgarrow,3.624,1.421,0
2022-02-23T09:30:00Z,Aranmore Island - Leabgarrow,3.484,1.281,0
2022-02-23T09:35:00Z,Aranmore Island - Leabgarrow,3.58,1.377,0
2022-02-23T09:40:00Z,Aranmore Island - Leabgarrow,3.556,1.353,0
2022-02-23T09:45:00Z,Aranmore Island - Leabgarrow,3.732,1.529,0
2022-02-23T09:50:00Z,Aranmore Island - Leabgarrow,3.834,1.631,0
2022-02-23T09:55:00Z,Aranmore Island - Leabgarrow,3.701,1.498,0
2022-02-23T10:00:00Z,Aranmore Island - Leabgarrow,3.833,1.63,0
2022-02-23T10:05:00Z,Aranmore Island - Leabgarrow,3.896,1.693,0
2022-02-23T10:10:00Z,Aranmore Island - Leabgarrow,3.558,1.355,0
2022-02-23T10:15:00Z,Aranmore Island - Leabgarrow,3.66,1.457,0
2022-02-23T10:20:00Z,Aranmore Island - Leabgarrow,3.643,1.44,0
2022-02-23T10:25:00Z,Aranmore Island - Leabgarrow,3.923,1.72,0
2022-02-23T10:30:00Z,Aranmore Island - Leabgarrow,3.699,1.496,0
2022-02-23T10:35:00Z,Aranmore Island - Leabgarrow,3.578,1.375,0
2022-02-23T10:40:00Z,Aranmore Island - Leabgarrow,3.712,1.509,0
2022-02-23T10:45:00Z,Aranmore Island - Leabgarrow,3.505,1.302,0
2022-02-23T10:50:00Z,Aranmore Island - Leabgarrow,3.657,1.454,0
2022-02-23T10:55:00Z,Aranmore Island - Leabgarrow,3.771,1.568,0
2022-02-23T11:00:00Z,Aranmore Island - Leabgarrow,3.905,1.702,0
2022-02-23T11:05:00Z,Aranmore Island - Leabgarrow,3.637,1.434,0
2022-02-23T11:10:00Z,Aranmore Island - Leabgarrow,3.583,1.38,0
2022-02-23T11:15:00Z,Aranmore Island - Leabgarrow,3.624,1.421,0
2022-02-23T11:20:00Z,Aranmore Island - Leabgarrow,3.49,1.287,0
2022-02-23T11:25:00Z,Aranmore Island - Leabgarrow,3.601,1.398,0
2022-02-23T11:30:00Z,Aranmore Island - Leabgarrow,3.498,1.295,0
2022-02-23T11:35:00Z,Aranmore Island - Leabgarrow,3.482,1.279,0
2022-02-23T11:40:00Z,Aranmore Island - Leabgarrow,3.38,1.177,0
2022-02-23T11:45:00Z,Aranmore Island - Leabgarrow,3.239,1.036,0
2022-02-23T11:50:00Z,Aranmore Island - Leabgarrow,3.343,1.14,0
2022-02-23T11:55:00Z,Aranmore Island - Leabgarrow,3.286,1.083,0
2022-02-23T12:00:00Z,Aranmore Island - Leabgarrow,3.288,1.085,0
2022-02-23T12:05:00Z,Aranmore Island - Leabgarrow,3.178,0.975,0
2022-02-23T12:10:00Z,Aranmore Island - Leabgarrow,3.314,1.111,0
2022-02-23T12:15:00Z,Aranmore Island - Leabgarrow,3.18,0.977,0
2022-02-23T12:20:00Z,Aranmore Island - Leabgarrow,3.043,0.84,0
2022-02-23T12:25:00Z,Aranmore Island - Leabgarrow,3.063,0.86,0
2022-02-23T12:30:00Z,Aranmore Island - Leabgarrow,2.924,0.721,0
2022-02-23T12:35:00Z,Aranmore Island - Leabgarrow,3.041,0.838,0
2022-02-23T12:40:00Z,Aranmore Island - Leabgarrow,2.972,0.769,0
2022-02-23T12:45:00Z,Aranmore Island - Leabgarrow,3.027,0.824,0
2022-02-23T12:50:00Z,Aranmore Island - Leabgarrow,2.717,0.514,0
2022-02-23T12:55:00Z,Aranmore Island - Leabgarrow,2.785,0.582,0
2022-02-23T13:00:00Z,Aranmore Island - Leabgarrow,2.74,0.537,0
2022-02-23T13:05:00Z,Aranmore Island - Leabgarrow,2.722,0.519,0
2022-02-23T13:10:00Z,Aranmore Island - Leabgarrow,2.631,0.428,0
2022-02-23T13:15:00Z,Aranmore Island - Leabgarrow,2.496,0.293,0
2022-02-23T13:20:00Z,Aranmore Island - Leabgarrow,2.575,0.372,0
2022-02-23T13:25:00Z,Aranmore Island - Leabgarrow,2.516,0.313,0
2022-02-23T13:30:00Z,Aranmore Island - Leabgarrow,2.525,0.322,0
2022-02-23T13:35:00Z,Aranmore Island - Leabgarrow,2.446,0.243,0
2022-02-23T13:40:00Z,Aranmore Island - Leabgarrow,2.198,-0.005,0
2022-02-23T13:45:00Z,Aranmore Island - Leabgarrow,2.307,0.104,0
2022-02-23T13:50:00Z,Aranmore Island - Leabgarrow,2.156,-0.047,0
2022-02-23T13:55:00Z,Aranmore Island - Leabgarrow,2.157,-0.046,0
2022-02-23T14:00:00Z,Aranmore Island - Leabgarrow,2.372,0.169,0
2022-02-23T14:05:00Z,Aranmore Island - Leabgarrow,2.247,0.044,0
2022-02-23T14:10:00Z,Aranmore Island - Leabgarrow,2.276,0.073,0
2022-02-23T14:15:00Z,Aranmore Island - Leabgarrow,2.225,0.022,0
2022-02-23T14:20:00Z,Aranmore Island - Leabgarrow,2.033,-0.17,0
2022-02-23T14:25:00Z,Aranmore Island - Leabgarrow,2.042,-0.161,0
2022-02-23T14:30:00Z,Aranmore Island - Leabgarrow,1.931,-0.272,0
2022-02-23T14:35:00Z,Aranmore Island - Leabgarrow,1.875,-0.328,0
2022-02-23T14:40:00Z,Aranmore Island - Leabgarrow,2.119,-0.084,0
2022-02-23T14:45:00Z,Aranmore Island - Leabgarrow,1.913,-0.29,0
2022-02-23T14:50:00Z,Aranmore Island - Leabgarrow,1.959,-0.244,0
2022-02-23T14:55:00Z,Aranmore Island - Leabgarrow,1.931,-0.272,0
2022-02-23T15:00:00Z,Aranmore Island - Leabgarrow,1.86,-0.343,0
2022-02-23T15:05:00Z,Aranmore Island - Leabgarrow,1.859,-0.344,0
2022-02-23T15:10:00Z,Aranmore Island - Leabgarrow,1.712,-0.491,0
2022-02-23T15:15:00Z,Aranmore Island - Leabgarrow,1.599,-0.604,0
2022-02-23T15:20:00Z,Aranmore Island - Leabgarrow,1.598,-0.605,0
2022-02-23T15:25:00Z,Aranmore Island - Leabgarrow,1.617,-0.586,0
2022-02-23T15:30:00Z,Aranmore Island - Leabgarrow,1.697,-0.506,0
2022-02-23T15:35:00Z,Aranmore Island - Leabgarrow,1.696,-0.507,0
2022-02-23T15:40:00Z,Aranmore Island - Leabgarrow,1.485,-0.718,0
2022-02-23T15:45:00Z,Aranmore Island - Leabgarrow,1.399,-0.804,0
2022-02-23T15:50:00Z,Aranmore Island - Leabgarrow,1.533,-0.67,0
2022-02-23T15:55:00Z,Aranmore Island - Leabgarrow,1.512,-0.691,0
2022-02-23T16:00:00Z,Aranmore Island - Leabgarrow,1.489,-0.714,0
2022-02-23T16:05:00Z,Aranmore Island - Leabgarrow,1.736,-0.467,0
2022-02-23T16:10:00Z,Aranmore Island - Leabgarrow,1.507,-0.696,0
2022-02-23T16:15:00Z,Aranmore Island - Leabgarrow,1.514,-0.689,0
2022-02-23T16:20:00Z,Aranmore Island - Leabgarrow,1.34,-0.863,0
2022-02-23T16:25:00Z,Aranmore Island - Leabgarrow,1.461,-0.742,0
2022-02-23T16:30:00Z,Aranmore Island - Leabgarrow,1.526,-0.677,0
2022-02-23T16:35:00Z,Aranmore Island - Leabgarrow,1.709,-0.494,0
2022-02-23T16:40:00Z,Aranmore Island - Leabgarrow,1.608,-0.595,0
2022-02-23T16:45:00Z,Aranmore Island - Leabgarrow,1.523,-0.68,0
2022-02-23T16:50:00Z,Aranmore Island - Leabgarrow,1.548,-0.655,0
2022-02-23T16:55:00Z,Aranmore Island - Leabgarrow,1.69,-0.513,0
2022-02-23T17:00:00Z,Aranmore Island - Leabgarrow,1.615,-0.588,0
2022-02-23T17:05:00Z,Aranmore Island - Leabgarrow,1.642,-0.561,0
2022-02-23T17:10:00Z,Aranmore Island - Leabgarrow,1.487,-0.716,0
2022-02-23T17:15:00Z,Aranmore Island - Leabgarrow,1.436,-0.767,0
2022-02-23T17:20:00Z,Aranmore Island - Leabgarrow,1.481,-0.722,0
2022-02-23T17:25:00Z,Aranmore Island - Leabgarrow,1.339,-0.864,0
2022-02-23T17:30:00Z,Aranmore Island - Leabgarrow,1.684,-0.519,0
2022-02-23T17:35:00Z,Aranmore Island - Leabgarrow,1.752,-0.451,0
2022-02-23T17:40:00Z,Aranmore Island - Leabgarrow,1.596,-0.607,0
2022-02-23T17:45:00Z,Aranmore Island - Leabgarrow,1.598,-0.605,0
2022-02-23T17:50:00Z,Aranmore Island - Leabgarrow,1.678,-0.525,0
2022-02-23T17:55:00Z,Aranmore Island - Leabgarrow,1.587,-0.616,0
2022-02-23T18:00:00Z,Aranmore Island - Leabgarrow,1.903,-0.3,0
2022-02-23T18:05:00Z,Aranmore Island - Leabgarrow,1.841,-0.362,0
2022-02-23T18:10:00Z,Aranmore Island - Leabgarrow,2.035,-0.168,0
2022-02-23T18:15:00Z,Aranmore Island - Leabgarrow,1.78,-0.423,0
2022-02-23T18:20:00Z,Aranmore Island - Leabgarrow,1.8,-0.403,0
2022-02-23T18:25:00Z,Aranmore Island - Leabgarrow,1.813,-0.39,0
2022-02-23T18:30:00Z,Aranmore Island - Leabgarrow,1.85,-0.353,0
2022-02-23T18:35:00Z,Aranmore Island - Leabgarrow,1.921,-0.282,0
2022-02-23T18:40:00Z,Aranmore Island - Leabgarrow,2.047,-0.156,0
2022-02-23T18:45:00Z,Aranmore Island - Leabgarrow,1.973,-0.23,0
2022-02-23T18:50:00Z,Aranmore Island - Leabgarrow,2.161,-0.042,0
2022-02-23T18:55:00Z,Aranmore Island - Leabgarrow,2.212,0.009,0
2022-02-23T19:00:00Z,Aranmore Island - Leabgarrow,1.953,-0.25,0
2022-02-23T19:05:00Z,Aranmore Island - Leabgarrow,2.164,-0.039,0
2022-02-23T19:10:00Z,Aranmore Island - Leabgarrow,2.262,0.059,0
2022-02-23T19:15:00Z,Aranmore Island - Leabgarrow,2.408,0.205,0
2022-02-23T19:20:00Z,Aranmore Island - Leabgarrow,2.086,-0.117,0
2022-02-23T19:25:00Z,Aranmore Island - Leabgarrow,2.398,0.195,0
2022-02-23T19:30:00Z,Aranmore Island - Leabgarrow,2.356,0.153,0
2022-02-23T19:35:00Z,Aranmore Island - Leabgarrow,2.357,0.154,0
2022-02-23T19:40:00Z,Aranmore Island - Leabgarrow,2.602,0.399,0
2022-02-23T19:45:00Z,Aranmore Island - Leabgarrow,2.487,0.284,0
2022-02-23T19:50:00Z,Aranmore Island - Leabgarrow,2.613,0.41,0
2022-02-23T19:55:00Z,Aranmore Island - Leabgarrow,2.669,0.466,0
2022-02-23T20:00:00Z,Aranmore Island - Leabgarrow,2.602,0.399,0
2022-02-23T20:05:00Z,Aranmore Island - Leabgarrow,2.759,0.556,0
2022-02-23T20:10:00Z,Aranmore Island - Leabgarrow,2.782,0.579,0
2022-02-23T20:15:00Z,Aranmore Island - Leabgarrow,2.699,0.496,0
2022-02-23T20:20:00Z,Aranmore Island - Leabgarrow,2.872,0.669,0
2022-02-23T20:25:00Z,Aranmore Island - Leabgarrow,2.89,0.687,0
2022-02-23T20:30:00Z,Aranmore Island - Leabgarrow,2.872,0.669,0
2022-02-23T20:35:00Z,Aranmore Island - Leabgarrow,2.978,0.775,0
2022-02-23T20:40:00Z,Aranmore Island - Leabgarrow,2.809,0.606,0
2022-02-23T20:45:00Z,Aranmore Island - Leabgarrow,3,0.797,0
2022-02-23T20:50:00Z,Aranmore Island - Leabgarrow,3.199,0.996,0
2022-02-23T20:55:00Z,Aranmore Island - Leabgarrow,3.088,0.885,0
2022-02-23T21:00:00Z,Aranmore Island - Leabgarrow,3.034,0.831,0
2022-02-23T21:05:00Z,Aranmore Island - Leabgarrow,3.036,0.833,0
2022-02-23T21:10:00Z,Aranmore Island - Leabgarrow,3.236,1.033,0
2022-02-23T21:15:00Z,Aranmore Island - Leabgarrow,3.053,0.85,0
2022-02-23T21:20:00Z,Aranmore Island - Leabgarrow,3.166,0.963,0
2022-02-23T21:25:00Z,Aranmore Island - Leabgarrow,3.311,1.108,0
2022-02-23T21:30:00Z,Aranmore Island - Leabgarrow,3.353,1.15,0
2022-02-23T21:35:00Z,Aranmore Island - Leabgarrow,3.058,0.855,0
2022-02-23T21:40:00Z,Aranmore Island - Leabgarrow,3.28,1.077,0
2022-02-23T21:45:00Z,Aranmore Island - Leabgarrow,3.525,1.322,0
2022-02-23T21:50:00Z,Aranmore Island - Leabgarrow,3.343,1.14,0
2022-02-23T21:55:00Z,Aranmore Island - Leabgarrow,3.447,1.244,0
2022-02-23T22:00:00Z,Aranmore Island - Leabgarrow,3.162,0.959,0
2022-02-23T22:05:00Z,Aranmore Island - Leabgarrow,3.289,1.086,0
2022-02-23T22:10:00Z,Aranmore Island - Leabgarrow,3.465,1.262,0
2022-02-23T22:15:00Z,Aranmore Island - Leabgarrow,3.328,1.125,0
2022-02-23T22:20:00Z,Aranmore Island - Leabgarrow,3.238,1.035,0
2022-02-23T22:25:00Z,Aranmore Island - Leabgarrow,3.265,1.062,0
2022-02-23T22:30:00Z,Aranmore Island - Leabgarrow,3.57,1.367,0
2022-02-23T22:35:00Z,Aranmore Island - Leabgarrow,3.552,1.349,0
2022-02-23T22:40:00Z,Aranmore Island - Leabgarrow,3.399,1.196,0
2022-02-23T22:45:00Z,Aranmore Island - Leabgarrow,3.382,1.179,0
2022-02-23T22:50:00Z,Aranmore Island - Leabgarrow,3.614,1.411,0
2022-02-23T22:55:00Z,Aranmore Island - Leabgarrow,3.387,1.184,0
2022-02-23T23:00:00Z,Aranmore Island - Leabgarrow,3.369,1.166,0
2022-02-23T23:05:00Z,Aranmore Island - Leabgarrow,3.343,1.14,0
2022-02-23T23:10:00Z,Aranmore Island - Leabgarrow,3.395,1.192,0
2022-02-23T23:15:00Z,Aranmore Island - Leabgarrow,3.477,1.274,0
2022-02-23T23:20:00Z,Aranmore Island - Leabgarrow,3.317,1.114,0
2022-02-23T23:25:00Z,Aranmore Island - Leabgarrow,3.364,1.161,0
2022-02-23T23:30:00Z,Aranmore Island - Leabgarrow,3.509,1.306,0
2022-02-23T23:35:00Z,Aranmore Island - Leabgarrow,3.509,1.306,0
2022-02-23T23:40:00Z,Aranmore Island - Leabgarrow,3.154,0.951,0
2022-02-23T23:45:00Z,Aranmore Island - Leabgarrow,3.155,0.952,0
2022-02-23T23:50:00Z,Aranmore Island - Leabgarrow,3.315,1.112,0
2022-02-23T23:55:00Z,Aranmore Island - Leabgarrow,3.397,1.194,0
2022-02-24T00:00:00Z,Aranmore Island - Leabgarrow,3.026,0.823,0
2022-02-24T00:05:00Z,Aranmore Island - Leabgarrow,3.114,0.911,0
2022-02-24T00:10:00Z,Aranmore Island - Leabgarrow,3.19,0.987,0
2022-02-24T00:15:00Z,Aranmore Island - Leabgarrow,2.973,0.77,0
2022-02-24T00:20:00Z,Aranmore Island - Leabgarrow,3.132,0.929,0
2022-02-24T00:25:00Z,Aranmore Island - Leabgarrow,3.147,0.944,0
2022-02-24T00:30:00Z,Aranmore Island - Leabgarrow,3.199,0.996,0
2022-02-24T00:35:00Z,Aranmore Island - Leabgarrow,3.031,0.828,0
2022-02-24T00:40:00Z,Aranmore Island - Leabgarrow,3.098,0.895,0
2022-02-24T00:45:00Z,Aranmore Island - Leabgarrow,3.099,0.896,0
2022-02-24T00:50:00Z,Aranmore Island - Leabgarrow,2.886,0.683,0
2022-02-24T00:55:00Z,Aranmore Island - Leabgarrow,2.8,0.597,0
2022-02-24T01:00:00Z,Aranmore Island - Leabgarrow,2.569,0.366,0
2022-02-24T01:05:00Z,Aranmore Island - Leabgarrow,2.43,0.227,0
2022-02-24T01:10:00Z,Aranmore Island - Leabgarrow,2.345,0.142,0
2022-02-24T01:15:00Z,Aranmore Island - Leabgarrow,2.654,0.451,0
2022-02-24T01:20:00Z,Aranmore Island - Leabgarrow,2.301,0.098,0
2022-02-24T01:25:00Z,Aranmore Island - Leabgarrow,2.505,0.302,0
2022-02-24T01:30:00Z,Aranmore Island - Leabgarrow,2.458,0.255,0
2022-02-24T01:35:00Z,Aranmore Island - Leabgarrow,2.514,0.311,0
2022-02-24T01:40:00Z,Aranmore Island - Leabgarrow,2.4,0.197,0
2022-02-24T01:45:00Z,Aranmore Island - Leabgarrow,2.398,0.195,0
2022-02-24T01:50:00Z,Aranmore Island - Leabgarrow,2.256,0.053,0
2022-02-24T01:55:00Z,Aranmore Island - Leabgarrow,2.303,0.1,0
2022-02-24T02:00:00Z,Aranmore Island - Leabgarrow,2.159,-0.044,0
2022-02-24T02:05:00Z,Aranmore Island - Leabgarrow,1.805,-0.398,0
2022-02-24T02:10:00Z,Aranmore Island - Leabgarrow,2.34,0.137,0
2022-02-24T02:15:00Z,Aranmore Island - Leabgarrow,2.235,0.032,0
2022-02-24T02:20:00Z,Aranmore Island - Leabgarrow,1.889,-0.314,0
2022-02-24T02:25:00Z,Aranmore Island - Leabgarrow,2.077,-0.126,0
2022-02-24T02:30:00Z,Aranmore Island - Leabgarrow,1.371,-0.832,0
2022-02-24T02:35:00Z,Aranmore Island - Leabgarrow,1.441,-0.762,0
2022-02-24T02:40:00Z,Aranmore Island - Leabgarrow,1.64,-0.563,0
2022-02-24T02:45:00Z,Aranmore Island - Leabgarrow,1.782,-0.421,0
2022-02-24T02:50:00Z,Aranmore Island - Leabgarrow,1.683,-0.52,0
2022-02-24T02:55:00Z,Aranmore Island - Leabgarrow,1.81,-0.393,0
2022-02-24T03:00:00Z,Aranmore Island - Leabgarrow,1.768,-0.435,0
2022-02-24T03:05:00Z,Aranmore Island - Leabgarrow,1.962,-0.241,0
2022-02-24T03:10:00Z,Aranmore Island - Leabgarrow,1.468,-0.735,0
2022-02-24T03:15:00Z,Aranmore Island - Leabgarrow,1.194,-1.009,0
2022-02-24T03:20:00Z,Aranmore Island - Leabgarrow,1.62,-0.583,0
2022-02-24T03:25:00Z,Aranmore Island - Leabgarrow,1.648,-0.555,0
2022-02-24T03:30:00Z,Aranmore Island - Leabgarrow,1.682,-0.521,0
2022-02-24T03:35:00Z,Aranmore Island - Leabgarrow,1.645,-0.558,0
2022-02-24T03:40:00Z,Aranmore Island - Leabgarrow,1.347,-0.856,0
2022-02-24T03:45:00Z,Aranmore Island - Leabgarrow,1.306,-0.897,0
2022-02-24T03:50:00Z,Aranmore Island - Leabgarrow,1.354,-0.849,0
2022-02-24T03:55:00Z,Aranmore Island - Leabgarrow,1.409,-0.794,0
2022-02-24T04:00:00Z,Aranmore Island - Leabgarrow,1.616,-0.587,0
2022-02-24T04:05:00Z,Aranmore Island - Leabgarrow,1.234,-0.969,0
2022-02-24T04:10:00Z,Aranmore Island - Leabgarrow,1.546,-0.657,0
2022-02-24T04:15:00Z,Aranmore Island - Leabgarrow,1.422,-0.781,0
2022-02-24T04:20:00Z,Aranmore Island - Leabgarrow,1.221,-0.982,0
2022-02-24T04:25:00Z,Aranmore Island - Leabgarrow,1.497,-0.706,0
2022-02-24T04:30:00Z,Aranmore Island - Leabgarrow,1.158,-1.045,0
2022-02-24T04:35:00Z,Aranmore Island - Leabgarrow,1.45,-0.753,0
2022-02-24T04:40:00Z,Aranmore Island - Leabgarrow,1.387,-0.816,0
2022-02-24T04:45:00Z,Aranmore Island - Leabgarrow,1.294,-0.909,0
2022-02-24T04:50:00Z,Aranmore Island - Leabgarrow,1.245,-0.958,0
2022-02-24T04:55:00Z,Aranmore Island - Leabgarrow,1.569,-0.634,0
2022-02-24T05:00:00Z,Aranmore Island - Leabgarrow,1.566,-0.637,0
2022-02-24T05:05:00Z,Aranmore Island - Leabgarrow,1.314,-0.889,0
2022-02-24T05:10:00Z,Aranmore Island - Leabgarrow,1.509,-0.694,0
2022-02-24T05:15:00Z,Aranmore Island - Leabgarrow,1.434,-0.769,0
2022-02-24T05:20:00Z,Aranmore Island - Leabgarrow,1.657,-0.546,0
2022-02-24T05:25:00Z,Aranmore Island - Leabgarrow,1.594,-0.609,0
2022-02-24T05:30:00Z,Aranmore Island - Leabgarrow,1.514,-0.689,0
2022-02-24T05:35:00Z,Aranmore Island - Leabgarrow,1.323,-0.88,0
2022-02-24T05:40:00Z,Aranmore Island - Leabgarrow,1.576,-0.627,0
2022-02-24T05:45:00Z,Aranmore Island - Leabgarrow,1.321,-0.882,0
2022-02-24T05:50:00Z,Aranmore Island - Leabgarrow,1.32,-0.883,0
2022-02-24T05:55:00Z,Aranmore Island - Leabgarrow,1.689,-0.514,0
2022-02-24T06:00:00Z,Aranmore Island - Leabgarrow,1.277,-0.926,0
2022-02-24T06:05:00Z,Aranmore Island - Leabgarrow,1.392,-0.811,0
2022-02-24T06:10:00Z,Aranmore Island - Leabgarrow,1.766,-0.437,0
2022-02-24T06:15:00Z,Aranmore Island - Leabgarrow,1.786,-0.417,0
2022-02-24T06:20:00Z,Aranmore Island - Leabgarrow,1.907,-0.296,0
2022-02-24T06:25:00Z,Aranmore Island - Leabgarrow,1.977,-0.226,0
2022-02-24T06:30:00Z,Aranmore Island - Leabgarrow,1.52,-0.683,0
2022-02-24T06:35:00Z,Aranmore Island - Leabgarrow,1.713,-0.49,0
2022-02-24T06:40:00Z,Aranmore Island - Leabgarrow,1.81,-0.393,0
2022-02-24T06:45:00Z,Aranmore Island - Leabgarrow,2.165,-0.038,0
2022-02-24T06:50:00Z,Aranmore Island - Leabgarrow,1.714,-0.489,0
2022-02-24T06:55:00Z,Aranmore Island - Leabgarrow,2.098,-0.105,0
2022-02-24T07:00:00Z,Aranmore Island - Leabgarrow,2.073,-0.13,0
2022-02-24T07:05:00Z,Aranmore Island - Leabgarrow,1.733,-0.47,0
2022-02-24T07:10:00Z,Aranmore Island - Leabgarrow,1.647,-0.556,0
2022-02-24T07:15:00Z,Aranmore Island - Leabgarrow,2.024,-0.179,0
2022-02-24T07:20:00Z,Aranmore Island - Leabgarrow,2.209,0.006,0
2022-02-24T07:25:00Z,Aranmore Island - Leabgarrow,2.166,-0.037,0
2022-02-24T07:30:00Z,Aranmore Island - Leabgarrow,2.305,0.102,0
2022-02-24T07:35:00Z,Aranmore Island - Leabgarrow,2.304,0.101,0
2022-02-24T07:40:00Z,Aranmore Island - Leabgarrow,2.135,-0.068,0
2022-02-24T07:45:00Z,Aranmore Island - Leabgarrow,2.37,0.167,0
2022-02-24T07:50:00Z,Aranmore Island - Leabgarrow,2.294,0.091,0
2022-02-24T07:55:00Z,Aranmore Island - Leabgarrow,2.292,0.089,0
2022-02-24T08:00:00Z,Aranmore Island - Leabgarrow,1.995,-0.208,0
2022-02-24T08:05:00Z,Aranmore Island - Leabgarrow,2.637,0.434,0
2022-02-24T08:10:00Z,Aranmore Island - Leabgarrow,2.416,0.213,0
2022-02-24T08:15:00Z,Aranmore Island - Leabgarrow,2.416,0.213,0
2022-02-24T08:20:00Z,Aranmore Island - Leabgarrow,2.458,0.255,0
2022-02-24T08:25:00Z,Aranmore Island - Leabgarrow,2.437,0.234,0
2022-02-24T08:30:00Z,Aranmore Island - Leabgarrow,2.634,0.431,0
2022-02-24T08:35:00Z,Aranmore Island - Leabgarrow,2.47,0.267,0
2022-02-24T08:40:00Z,Aranmore Island - Leabgarrow,2.73,0.527,0
2022-02-24T08:45:00Z,Aranmore Island - Leabgarrow,2.609,0.406,0
2022-02-24T08:50:00Z,Aranmore Island - Leabgarrow,2.678,0.475,0
2022-02-24T08:55:00Z,Aranmore Island - Leabgarrow,2.41,0.207,0
2022-02-24T09:00:00Z,Aranmore Island - Leabgarrow,2.857,0.654,0
2022-02-24T09:05:00Z,Aranmore Island - Leabgarrow,2.981,0.778,0
2022-02-24T09:10:00Z,Aranmore Island - Leabgarrow,3.055,0.852,0
2022-02-24T09:15:00Z,Aranmore Island - Leabgarrow,3.028,0.825,0
2022-02-24T09:20:00Z,Aranmore Island - Leabgarrow,2.885,0.682,0
2022-02-24T09:25:00Z,Aranmore Island - Leabgarrow,2.887,0.684,0
2022-02-24T09:30:00Z,Aranmore Island - Leabgarrow,2.872,0.669,0
2022-02-24T09:35:00Z,Aranmore Island - Leabgarrow,3.143,0.94,0
2022-02-24T09:40:00Z,Aranmore Island - Leabgarrow,2.964,0.761,0
2022-02-24T09:45:00Z,Aranmore Island - Leabgarrow,3.132,0.929,0
2022-02-24T09:50:00Z,Aranmore Island - Leabgarrow,3.21,1.007,0
2022-02-24T09:55:00Z,Aranmore Island - Leabgarrow,2.912,0.709,0
2022-02-24T10:00:00Z,Aranmore Island - Leabgarrow,2.997,0.794,0
2022-02-24T10:05:00Z,Aranmore Island - Leabgarrow,3.3,1.097,0
2022-02-24T10:10:00Z,Aranmore Island - Leabgarrow,3.082,0.879,0
2022-02-24T10:15:00Z,Aranmore Island - Leabgarrow,3.007,0.804,0
2022-02-24T10:20:00Z,Aranmore Island - Leabgarrow,3.326,1.123,0
2022-02-24T10:25:00Z,Aranmore Island - Leabgarrow,3.217,1.014,0
2022-02-24T10:30:00Z,Aranmore Island - Leabgarrow,3.334,1.131,0
2022-02-24T10:35:00Z,Aranmore Island - Leabgarrow,3.285,1.082,0
2022-02-24T10:40:00Z,Aranmore Island - Leabgarrow,3.174,0.971,0
2022-02-24T10:45:00Z,Aranmore Island - Leabgarrow,3.336,1.133,0
2022-02-24T10:50:00Z,Aranmore Island - Leabgarrow,3.442,1.239,0
2022-02-24T10:55:00Z,Aranmore Island - Leabgarrow,3.435,1.232,0
2022-02-24T11:00:00Z,Aranmore Island - Leabgarrow,3.494,1.291,0
2022-02-24T11:05:00Z,Aranmore Island - Leabgarrow,3.338,1.135,0
2022-02-24T11:10:00Z,Aranmore Island - Leabgarrow,3.565,1.362,0
2022-02-24T11:15:00Z,Aranmore Island - Leabgarrow,3.32,1.117,0
2022-02-24T11:20:00Z,Aranmore Island - Leabgarrow,3.368,1.165,0
2022-02-24T11:25:00Z,Aranmore Island - Leabgarrow,3.522,1.319,0
2022-02-24T11:30:00Z,Aranmore Island - Leabgarrow,3.134,0.931,0
2022-02-24T11:35:00Z,Aranmore Island - Leabgarrow,3.148,0.945,0
2022-02-24T11:40:00Z,Aranmore Island - Leabgarrow,3.389,1.186,0
2022-02-24T11:45:00Z,Aranmore Island - Leabgarrow,3.392,1.189,0
2022-02-24T11:50:00Z,Aranmore Island - Leabgarrow,3.144,0.941,0
2022-02-24T11:55:00Z,Aranmore Island - Leabgarrow,3.147,0.944,0
2022-02-24T12:00:00Z,Aranmore Island - Leabgarrow,3.517,1.314,0
2022-02-24T12:05:00Z,Aranmore Island - Leabgarrow,3.176,0.973,0
2022-02-24T12:10:00Z,Aranmore Island - Leabgarrow,3.339,1.136,0
2022-02-24T12:15:00Z,Aranmore Island - Leabgarrow,3.552,1.349,0
2022-02-24T12:20:00Z,Aranmore Island - Leabgarrow,3.377,1.174,0
2022-02-24T12:25:00Z,Aranmore Island - Leabgarrow,3.305,1.102,0
2022-02-24T12:30:00Z,Aranmore Island - Leabgarrow,3.063,0.86,0
2022-02-24T12:35:00Z,Aranmore Island - Leabgarrow,3.237,1.034,0
2022-02-24T12:40:00Z,Aranmore Island - Leabgarrow,3.227,1.024,0
2022-02-24T12:45:00Z,Aranmore Island - Leabgarrow,2.866,0.663,0
2022-02-24T12:50:00Z,Aranmore Island - Leabgarrow,3.083,0.88,0
2022-02-24T12:55:00Z,Aranmore Island - Leabgarrow,3.14,0.937,0
2022-02-24T13:00:00Z,Aranmore Island - Leabgarrow,2.82,0.617,0
2022-02-24T13:05:00Z,Aranmore Island - Leabgarrow,3.071,0.868,0
2022-02-24T13:10:00Z,Aranmore Island - Leabgarrow,2.931,0.728,0
2022-02-24T13:15:00Z,Aranmore Island - Leabgarrow,3.044,0.841,0
2022-02-24T13:20:00Z,Aranmore Island - Leabgarrow,2.796,0.593,0
2022-02-24T13:25:00Z,Aranmore Island - Leabgarrow,2.805,0.602,0
2022-02-24T13:30:00Z,Aranmore Island - Leabgarrow,2.82,0.617,0
2022-02-24T13:35:00Z,Aranmore Island - Leabgarrow,2.718,0.515,0
2022-02-24T13:40:00Z,Aranmore Island - Leabgarrow,2.697,0.494,0
2022-02-24T13:45:00Z,Aranmore Island - Leabgarrow,2.743,0.54,0
2022-02-24T13:50:00Z,Aranmore Island - Leabgarrow,2.434,0.231,0
2022-02-24T13:55:00Z,Aranmore Island - Leabgarrow,2.562,0.359,0
2022-02-24T14:00:00Z,Aranmore Island - Leabgarrow,2.579,0.376,0
2022-02-24T14:05:00Z,Aranmore Island - Leabgarrow,2.419,0.216,0
2022-02-24T14:10:00Z,Aranmore Island - Leabgarrow,2.421,0.218,0
2022-02-24T14:15:00Z,Aranmore Island - Leabgarrow,2.405,0.202,0
2022-02-24T14:20:00Z,Aranmore Island - Leabgarrow,2.594,0.391,0
2022-02-24T14:25:00Z,Aranmore Island - Leabgarrow,2.478,0.275,0
2022-02-24T14:30:00Z,Aranmore Island - Leabgarrow,2.567,0.364,0
2022-02-24T14:35:00Z,Aranmore Island - Leabgarrow,2.369,0.166,0
2022-02-24T14:40:00Z,Aranmore Island - Leabgarrow,2.352,0.149,0
2022-02-24T14:45:00Z,Aranmore Island - Leabgarrow,2.277,0.074,0
2022-02-24T14:50:00Z,Aranmore Island - Leabgarrow,2.484,0.281,0
2022-02-24T14:55:00Z,Aranmore Island - Leabgarrow,2.242,0.039,0
2022-02-24T15:00:00Z,Aranmore Island - Leabgarrow,2.568,0.365,0
2022-02-24T15:05:00Z,Aranmore Island - Leabgarrow,2.273,0.07,0
2022-02-24T15:10:00Z,Aranmore Island - Leabgarrow,2.168,-0.035,0
2022-02-24T15:15:00Z,Aranmore Island - Leabgarrow,2.043,-0.16,0
2022-02-24T15:20:00Z,Aranmore Island - Leabgarrow,1.858,-0.345,0
2022-02-24T15:25:00Z,Aranmore Island - Leabgarrow,1.692,-0.511,0
2022-02-24T15:30:00Z,Aranmore Island - Leabgarrow,1.955,-0.248,0
2022-02-24T15:35:00Z,Aranmore Island - Leabgarrow,1.792,-0.411,0
2022-02-24T15:40:00Z,Aranmore Island - Leabgarrow,1.966,-0.237,0
2022-02-24T15:45:00Z,Aranmore Island - Leabgarrow,1.963,-0.24,0
2022-02-24T15:50:00Z,Aranmore Island - Leabgarrow,1.928,-0.275,0
2022-02-24T15:55:00Z,Aranmore Island - Leabgarrow,1.935,-0.268,0
2022-02-24T16:00:00Z,Aranmore Island - Leabgarrow,1.822,-0.381,0
2022-02-24T16:05:00Z,Aranmore Island - Leabgarrow,1.67,-0.533,0
2022-02-24T16:10:00Z,Aranmore Island - Leabgarrow,1.713,-0.49,0
2022-02-24T16:15:00Z,Aranmore Island - Leabgarrow,1.853,-0.35,0
2022-02-24T16:20:00Z,Aranmore Island - Leabgarrow,1.665,-0.538,0
2022-02-24T16:25:00Z,Aranmore Island - Leabgarrow,1.775,-0.428,0
2022-02-24T16:30:00Z,Aranmore Island - Leabgarrow,1.539,-0.664,0
2022-02-24T16:35:00Z,Aranmore Island - Leabgarrow,1.584,-0.619,0
2022-02-24T16:40:00Z,Aranmore Island - Leabgarrow,1.508,-0.695,0
2022-02-24T16:45:00Z,Aranmore Island - Leabgarrow,1.506,-0.697,0
2022-02-24T16:50:00Z,Aranmore Island - Leabgarrow,1.44,-0.763,0
2022-02-24T16:55:00Z,Aranmore Island - Leabgarrow,1.241,-0.962,0
2022-02-24T17:00:00Z,Aranmore Island - Leabgarrow,1.411,-0.792,0
2022-02-24T17:05:00Z,Aranmore Island - Leabgarrow,1.472,-0.731,0
2022-02-24T17:10:00Z,Aranmore Island - Leabgarrow,1.611,-0.592,0
2022-02-24T17:15:00Z,Aranmore Island - Leabgarrow,1.464,-0.739,0
2022-02-24T17:20:00Z,Aranmore Island - Leabgarrow,1.587,-0.616,0
2022-02-24T17:25:00Z,Aranmore Island - Leabgarrow,1.528,-0.675,0
2022-02-24T17:30:00Z,Aranmore Island - Leabgarrow,1.393,-0.81,0
2022-02-24T17:35:00Z,Aranmore Island - Leabgarrow,1.579,-0.624,0
2022-02-24T17:40:00Z,Aranmore Island - Leabgarrow,1.417,-0.786,0
2022-02-24T17:45:00Z,Aranmore Island - Leabgarrow,1.568,-0.635,0
2022-02-24T17:50:00Z,Aranmore Island - Leabgarrow,1.567,-0.636,0
2022-02-24T17:55:00Z,Aranmore Island - Leabgarrow,1.625,-0.578,0
2022-02-24T18:00:00Z,Aranmore Island - Leabgarrow,1.497,-0.706,0
2022-02-24T18:05:00Z,Aranmore Island - Leabgarrow,1.471,-0.732,0
2022-02-24T18:10:00Z,Aranmore Island - Leabgarrow,1.53,-0.673,0
2022-02-24T18:15:00Z,Aranmore Island - Leabgarrow,1.451,-0.752,0
2022-02-24T18:20:00Z,Aranmore Island - Leabgarrow,1.597,-0.606,0
2022-02-24T18:25:00Z,Aranmore Island - Leabgarrow,1.436,-0.767,0
2022-02-24T18:30:00Z,Aranmore Island - Leabgarrow,1.433,-0.77,0
2022-02-24T18:35:00Z,Aranmore Island - Leabgarrow,1.473,-0.73,0
2022-02-24T18:40:00Z,Aranmore Island - Leabgarrow,1.394,-0.809,0
2022-02-24T18:45:00Z,Aranmore Island - Leabgarrow,1.618,-0.585,0
2022-02-24T18:50:00Z,Aranmore Island - Leabgarrow,1.593,-0.61,0
2022-02-24T18:55:00Z,Aranmore Island - Leabgarrow,1.694,-0.509,0
2022-02-24T19:00:00Z,Aranmore Island - Leabgarrow,1.536,-0.667,0
2022-02-24T19:05:00Z,Aranmore Island - Leabgarrow,1.48,-0.723,0
2022-02-24T19:10:00Z,Aranmore Island - Leabgarrow,1.706,-0.497,0
2022-02-24T19:15:00Z,Aranmore Island - Leabgarrow,1.704,-0.499,0
2022-02-24T19:20:00Z,Aranmore Island - Leabgarrow,1.758,-0.445,0
2022-02-24T19:25:00Z,Aranmore Island - Leabgarrow,1.748,-0.455,0
2022-02-24T19:30:00Z,Aranmore Island - Leabgarrow,1.754,-0.449,0
2022-02-24T19:35:00Z,Aranmore Island - Leabgarrow,1.822,-0.381,0
2022-02-24T19:40:00Z,Aranmore Island - Leabgarrow,1.862,-0.341,0
2022-02-24T19:45:00Z,Aranmore Island - Leabgarrow,1.72,-0.483,0
2022-02-24T19:50:00Z,Aranmore Island - Leabgarrow,1.945,-0.258,0
2022-02-24T19:55:00Z,Aranmore Island - Leabgarrow,1.841,-0.362,0
2022-02-24T20:00:00Z,Aranmore Island - Leabgarrow,1.813,-0.39,0
2022-02-24T20:05:00Z,Aranmore Island - Leabgarrow,1.886,-0.317,0
2022-02-24T20:10:00Z,Aranmore Island - Leabgarrow,1.735,-0.468,0
2022-02-24T20:15:00Z,Aranmore Island - Leabgarrow,2.056,-0.147,0
2022-02-24T20:20:00Z,Aranmore Island - Leabgarrow,1.934,-0.269,0
2022-02-24T20:25:00Z,Aranmore Island - Leabgarrow,1.963,-0.24,0
2022-02-24T20:30:00Z,Aranmore Island - Leabgarrow,1.949,-0.254,0
2022-02-24T20:35:00Z,Aranmore Island - Leabgarrow,1.931,-0.272,0
2022-02-24T20:40:00Z,Aranmore Island - Leabgarrow,2.005,-0.198,0
2022-02-24T20:45:00Z,Aranmore Island - Leabgarrow,2.029,-0.174,0
2022-02-24T20:50:00Z,Aranmore Island - Leabgarrow,1.931,-0.272,0
2022-02-24T20:55:00Z,Aranmore Island - Leabgarrow,2.033,-0.17,0
2022-02-24T21:00:00Z,Aranmore Island - Leabgarrow,2.198,-0.005,0
2022-02-24T21:05:00Z,Aranmore Island - Leabgarrow,2.27,0.067,0
2022-02-24T21:10:00Z,Aranmore Island - Leabgarrow,2.474,0.271,0
2022-02-24T21:15:00Z,Aranmore Island - Leabgarrow,2.188,-0.015,0
2022-02-24T21:20:00Z,Aranmore Island - Leabgarrow,2.375,0.172,0
2022-02-24T21:25:00Z,Aranmore Island - Leabgarrow,2.424,0.221,0
2022-02-24T21:30:00Z,Aranmore Island - Leabgarrow,2.616,0.413,0
2022-02-24T21:35:00Z,Aranmore Island - Leabgarrow,2.399,0.196,0
2022-02-24T21:40:00Z,Aranmore Island - Leabgarrow,2.509,0.306,0
2022-02-24T21:45:00Z,Aranmore Island - Leabgarrow,2.233,0.03,0
2022-02-24T21:50:00Z,Aranmore Island - Leabgarrow,2.417,0.214,0
2022-02-24T21:55:00Z,Aranmore Island - Leabgarrow,2.528,0.325,0
2022-02-24T22:00:00Z,Aranmore Island - Leabgarrow,2.648,0.445,0
2022-02-24T22:05:00Z,Aranmore Island - Leabgarrow,2.554,0.351,0
2022-02-24T22:10:00Z,Aranmore Island - Leabgarrow,2.492,0.289,0
2022-02-24T22:15:00Z,Aranmore Island - Leabgarrow,2.825,0.622,0
2022-02-24T22:20:00Z,Aranmore Island - Leabgarrow,2.656,0.453,0
2022-02-24T22:25:00Z,Aranmore Island - Leabgarrow,2.633,0.43,0
2022-02-24T22:30:00Z,Aranmore Island - Leabgarrow,2.667,0.464,0
2022-02-24T22:35:00Z,Aranmore Island - Leabgarrow,2.695,0.492,0
2022-02-24T22:40:00Z,Aranmore Island - Leabgarrow,2.706,0.503,0
2022-02-24T22:45:00Z,Aranmore Island - Leabgarrow,2.568,0.365,0
2022-02-24T22:50:00Z,Aranmore Island - Leabgarrow,2.831,0.628,0
2022-02-24T22:55:00Z,Aranmore Island - Leabgarrow,2.701,0.498,0
2022-02-24T23:00:00Z,Aranmore Island - Leabgarrow,2.797,0.594,0
2022-02-24T23:05:00Z,Aranmore Island - Leabgarrow,2.94,0.737,0
2022-02-24T23:10:00Z,Aranmore Island - Leabgarrow,3.016,0.813,0
2022-02-24T23:15:00Z,Aranmore Island - Leabgarrow,2.778,0.575,0
2022-02-24T23:20:00Z,Aranmore Island - Leabgarrow,2.734,0.531,0
2022-02-24T23:25:00Z,Aranmore Island - Leabgarrow,2.904,0.701,0
2022-02-24T23:30:00Z,Aranmore Island - Leabgarrow,2.925,0.722,0
2022-02-24T23:35:00Z,Aranmore Island - Leabgarrow,2.762,0.559,0
2022-02-24T23:40:00Z,Aranmore Island - Leabgarrow,2.596,0.393,0
2022-02-24T23:45:00Z,Aranmore Island - Leabgarrow,2.781,0.578,0
2022-02-24T23:55:00Z,Aranmore Island - Leabgarrow,2.885,0.682,0
2022-02-25T00:00:00Z,Aranmore Island - Leabgarrow,2.856,0.653,0
2022-02-25T00:05:00Z,Aranmore Island - Leabgarrow,2.859,0.656,0
2022-02-25T00:10:00Z,Aranmore Island - Leabgarrow,2.859,0.656,0
2022-02-25T00:15:00Z,Aranmore Island - Leabgarrow,2.865,0.662,0
2022-02-25T00:20:00Z,Aranmore Island - Leabgarrow,2.708,0.505,0
2022-02-25T00:25:00Z,Aranmore Island - Leabgarrow,2.82,0.617,0
2022-02-25T00:35:00Z,Aranmore Island - Leabgarrow,2.716,0.513,0
2022-02-25T00:45:00Z,Aranmore Island - Leabgarrow,2.739,0.536,0
2022-02-25T00:50:00Z,Aranmore Island - Leabgarrow,3.012,0.809,0
2022-02-25T00:55:00Z,Aranmore Island - Leabgarrow,2.736,0.533,0
2022-02-25T01:00:00Z,Aranmore Island - Leabgarrow,2.709,0.506,0
2022-02-25T01:05:00Z,Aranmore Island - Leabgarrow,2.823,0.62,0
2022-02-25T01:10:00Z,Aranmore Island - Leabgarrow,2.741,0.538,0
2022-02-25T01:15:00Z,Aranmore Island - Leabgarrow,2.823,0.62,0
2022-02-25T01:20:00Z,Aranmore Island - Leabgarrow,2.579,0.376,0
2022-02-25T01:25:00Z,Aranmore Island - Leabgarrow,2.554,0.351,0
2022-02-25T01:30:00Z,Aranmore Island - Leabgarrow,2.415,0.212,0
2022-02-25T01:35:00Z,Aranmore Island - Leabgarrow,2.58,0.377,0
2022-02-25T01:40:00Z,Aranmore Island - Leabgarrow,2.399,0.196,0
2022-02-25T01:45:00Z,Aranmore Island - Leabgarrow,2.643,0.44,0
2022-02-25T01:50:00Z,Aranmore Island - Leabgarrow,2.496,0.293,0
2022-02-25T01:55:00Z,Aranmore Island - Leabgarrow,2.639,0.436,0
2022-02-25T02:00:00Z,Aranmore Island - Leabgarrow,2.456,0.253,0
2022-02-25T02:05:00Z,Aranmore Island - Leabgarrow,2.44,0.237,0
2022-02-25T02:10:00Z,Aranmore Island - Leabgarrow,2.479,0.276,0
2022-02-25T02:15:00Z,Aranmore Island - Leabgarrow,2.375,0.172,0
2022-02-25T02:20:00Z,Aranmore Island - Leabgarrow,2.178,-0.025,0
2022-02-25T02:25:00Z,Aranmore Island - Leabgarrow,2.156,-0.047,0
2022-02-25T02:30:00Z,Aranmore Island - Leabgarrow,2.069,-0.134,0
2022-02-25T02:35:00Z,Aranmore Island - Leabgarrow,2.166,-0.037,0
2022-02-25T02:40:00Z,Aranmore Island - Leabgarrow,2.073,-0.13,0
2022-02-25T02:45:00Z,Aranmore Island - Leabgarrow,2.097,-0.106,0
2022-02-25T02:50:00Z,Aranmore Island - Leabgarrow,2.096,-0.107,0
2022-02-25T02:55:00Z,Aranmore Island - Leabgarrow,2.113,-0.09,0
2022-02-25T03:00:00Z,Aranmore Island - Leabgarrow,1.748,-0.455,0
2022-02-25T03:05:00Z,Aranmore Island - Leabgarrow,2.058,-0.145,0
2022-02-25T03:10:00Z,Aranmore Island - Leabgarrow,1.703,-0.5,0
2022-02-25T03:15:00Z,Aranmore Island - Leabgarrow,1.916,-0.287,0
2022-02-25T03:20:00Z,Aranmore Island - Leabgarrow,1.768,-0.435,0
2022-02-25T03:25:00Z,Aranmore Island - Leabgarrow,1.651,-0.552,0
2022-02-25T03:30:00Z,Aranmore Island - Leabgarrow,1.649,-0.554,0
2022-02-25T03:35:00Z,Aranmore Island - Leabgarrow,1.73,-0.473,0
2022-02-25T03:40:00Z,Aranmore Island - Leabgarrow,1.662,-0.541,0
2022-02-25T03:45:00Z,Aranmore Island - Leabgarrow,1.763,-0.44,0
2022-02-25T03:50:00Z,Aranmore Island - Leabgarrow,1.745,-0.458,0
2022-02-25T03:55:00Z,Aranmore Island - Leabgarrow,1.606,-0.597,0
2022-02-25T04:00:00Z,Aranmore Island - Leabgarrow,1.672,-0.531,0
2022-02-25T04:05:00Z,Aranmore Island - Leabgarrow,1.5,-0.703,0
2022-02-25T04:10:00Z,Aranmore Island - Leabgarrow,1.408,-0.795,0
2022-02-25T04:15:00Z,Aranmore Island - Leabgarrow,1.368,-0.835,0
2022-02-25T04:20:00Z,Aranmore Island - Leabgarrow,1.525,-0.678,0
2022-02-25T04:25:00Z,Aranmore Island - Leabgarrow,1.527,-0.676,0
2022-02-25T04:30:00Z,Aranmore Island - Leabgarrow,1.444,-0.759,0
2022-02-25T04:35:00Z,Aranmore Island - Leabgarrow,1.396,-0.807,0
2022-02-25T04:40:00Z,Aranmore Island - Leabgarrow,1.404,-0.799,0
2022-02-25T04:45:00Z,Aranmore Island - Leabgarrow,1.324,-0.879,0
2022-02-25T04:50:00Z,Aranmore Island - Leabgarrow,1.458,-0.745,0
2022-02-25T04:55:00Z,Aranmore Island - Leabgarrow,1.351,-0.852,0
2022-02-25T05:00:00Z,Aranmore Island - Leabgarrow,1.177,-1.026,0
2022-02-25T05:05:00Z,Aranmore Island - Leabgarrow,1.307,-0.896,0
2022-02-25T05:10:00Z,Aranmore Island - Leabgarrow,1.143,-1.06,0
2022-02-25T05:15:00Z,Aranmore Island - Leabgarrow,1.202,-1.001,0
2022-02-25T05:20:00Z,Aranmore Island - Leabgarrow,1.126,-1.077,0
2022-02-25T05:25:00Z,Aranmore Island - Leabgarrow,1.223,-0.98,0
2022-02-25T05:30:00Z,Aranmore Island - Leabgarrow,1.144,-1.059,0
2022-02-25T05:35:00Z,Aranmore Island - Leabgarrow,1.208,-0.995,0
2022-02-25T05:40:00Z,Aranmore Island - Leabgarrow,1.032,-1.171,0
2022-02-25T05:45:00Z,Aranmore Island - Leabgarrow,1.041,-1.162,0
2022-02-25T05:50:00Z,Aranmore Island - Leabgarrow,1.239,-0.964,0
2022-02-25T05:55:00Z,Aranmore Island - Leabgarrow,1.237,-0.966,0
2022-02-25T06:00:00Z,Aranmore Island - Leabgarrow,1.164,-1.039,0
2022-02-25T06:05:00Z,Aranmore Island - Leabgarrow,1.118,-1.085,0
2022-02-25T06:10:00Z,Aranmore Island - Leabgarrow,1.145,-1.058,0
2022-02-25T06:15:00Z,Aranmore Island - Leabgarrow,1.17,-1.033,0
2022-02-25T06:20:00Z,Aranmore Island - Leabgarrow,1.099,-1.104,0
2022-02-25T06:25:00Z,Aranmore Island - Leabgarrow,0.977,-1.226,0
2022-02-25T06:30:00Z,Aranmore Island - Leabgarrow,1.143,-1.06,0
2022-02-25T06:35:00Z,Aranmore Island - Leabgarrow,1.159,-1.044,0
2022-02-25T06:40:00Z,Aranmore Island - Leabgarrow,1.091,-1.112,0
2022-02-25T06:45:00Z,Aranmore Island - Leabgarrow,1.198,-1.005,0
2022-02-25T06:50:00Z,Aranmore Island - Leabgarrow,1.24,-0.963,0
2022-02-25T06:55:00Z,Aranmore Island - Leabgarrow,1.14,-1.063,0
2022-02-25T07:00:00Z,Aranmore Island - Leabgarrow,1.279,-0.924,0
2022-02-25T07:05:00Z,Aranmore Island - Leabgarrow,0.988,-1.215,0
2022-02-25T07:10:00Z,Aranmore Island - Leabgarrow,1.234,-0.969,0
2022-02-25T07:15:00Z,Aranmore Island - Leabgarrow,1.209,-0.994,0
2022-02-25T07:20:00Z,Aranmore Island - Leabgarrow,1.267,-0.936,0
2022-02-25T07:25:00Z,Aranmore Island - Leabgarrow,1.344,-0.859,0
2022-02-25T07:30:00Z,Aranmore Island - Leabgarrow,1.352,-0.851,0
2022-02-25T07:35:00Z,Aranmore Island - Leabgarrow,1.335,-0.868,0
2022-02-25T07:40:00Z,Aranmore Island - Leabgarrow,1.464,-0.739,0
2022-02-25T07:45:00Z,Aranmore Island - Leabgarrow,1.466,-0.737,0
2022-02-25T07:50:00Z,Aranmore Island - Leabgarrow,1.497,-0.706,0
2022-02-25T07:55:00Z,Aranmore Island - Leabgarrow,1.481,-0.722,0
2022-02-25T08:00:00Z,Aranmore Island - Leabgarrow,1.673,-0.53,0
2022-02-25T08:05:00Z,Aranmore Island - Leabgarrow,1.581,-0.622,0
2022-02-25T08:10:00Z,Aranmore Island - Leabgarrow,1.514,-0.689,0
2022-02-25T08:15:00Z,Aranmore Island - Leabgarrow,1.723,-0.48,0
2022-02-25T08:20:00Z,Aranmore Island - Leabgarrow,1.495,-0.708,0
2022-02-25T08:25:00Z,Aranmore Island - Leabgarrow,1.702,-0.501,0
2022-02-25T08:30:00Z,Aranmore Island - Leabgarrow,1.625,-0.578,0
2022-02-25T08:35:00Z,Aranmore Island - Leabgarrow,1.633,-0.57,0
2022-02-25T08:40:00Z,Aranmore Island - Leabgarrow,1.829,-0.374,0
2022-02-25T08:45:00Z,Aranmore Island - Leabgarrow,1.774,-0.429,0
2022-02-25T08:50:00Z,Aranmore Island - Leabgarrow,1.882,-0.321,0
2022-02-25T08:55:00Z,Aranmore Island - Leabgarrow,1.799,-0.404,0
2022-02-25T09:00:00Z,Aranmore Island - Leabgarrow,1.822,-0.381,0
2022-02-25T09:05:00Z,Aranmore Island - Leabgarrow,1.81,-0.393,0
2022-02-25T09:10:00Z,Aranmore Island - Leabgarrow,1.914,-0.289,0
2022-02-25T09:15:00Z,Aranmore Island - Leabgarrow,2.004,-0.199,0
2022-02-25T09:20:00Z,Aranmore Island - Leabgarrow,2.065,-0.138,0
2022-02-25T09:25:00Z,Aranmore Island - Leabgarrow,1.977,-0.226,0
2022-02-25T09:30:00Z,Aranmore Island - Leabgarrow,1.93,-0.273,0
2022-02-25T09:35:00Z,Aranmore Island - Leabgarrow,2.043,-0.16,0
2022-02-25T09:40:00Z,Aranmore Island - Leabgarrow,2.108,-0.095,0
2022-02-25T09:45:00Z,Aranmore Island - Leabgarrow,2.04,-0.163,0
2022-02-25T09:50:00Z,Aranmore Island - Leabgarrow,2.21,0.007,0
2022-02-25T09:55:00Z,Aranmore Island - Leabgarrow,2.181,-0.022,0
2022-02-25T10:00:00Z,Aranmore Island - Leabgarrow,2.17,-0.033,0
2022-02-25T10:05:00Z,Aranmore Island - Leabgarrow,2.437,0.234,0
2022-02-25T10:10:00Z,Aranmore Island - Leabgarrow,2.344,0.141,0
2022-02-25T10:15:00Z,Aranmore Island - Leabgarrow,2.456,0.253,0
2022-02-25T10:20:00Z,Aranmore Island - Leabgarrow,2.408,0.205,0
2022-02-25T10:25:00Z,Aranmore Island - Leabgarrow,2.318,0.115,0
2022-02-25T10:30:00Z,Aranmore Island - Leabgarrow,2.401,0.198,0
2022-02-25T10:35:00Z,Aranmore Island - Leabgarrow,2.538,0.335,0
2022-02-25T10:40:00Z,Aranmore Island - Leabgarrow,2.59,0.387,0
2022-02-25T10:45:00Z,Aranmore Island - Leabgarrow,2.616,0.413,0
2022-02-25T10:50:00Z,Aranmore Island - Leabgarrow,2.641,0.438,0
2022-02-25T10:55:00Z,Aranmore Island - Leabgarrow,2.723,0.52,0
2022-02-25T11:00:00Z,Aranmore Island - Leabgarrow,2.654,0.451,0
2022-02-25T11:05:00Z,Aranmore Island - Leabgarrow,2.54,0.337,0
2022-02-25T11:10:00Z,Aranmore Island - Leabgarrow,2.477,0.274,0
2022-02-25T11:15:00Z,Aranmore Island - Leabgarrow,2.656,0.453,0
2022-02-25T11:20:00Z,Aranmore Island - Leabgarrow,2.655,0.452,0
2022-02-25T11:25:00Z,Aranmore Island - Leabgarrow,2.75,0.547,0
2022-02-25T11:30:00Z,Aranmore Island - Leabgarrow,2.942,0.739,0
2022-02-25T11:35:00Z,Aranmore Island - Leabgarrow,2.707,0.504,0
2022-02-25T11:40:00Z,Aranmore Island - Leabgarrow,2.774,0.571,0
2022-02-25T11:45:00Z,Aranmore Island - Leabgarrow,2.861,0.658,0
2022-02-25T11:50:00Z,Aranmore Island - Leabgarrow,2.804,0.601,0
2022-02-25T11:55:00Z,Aranmore Island - Leabgarrow,2.682,0.479,0
2022-02-25T12:00:00Z,Aranmore Island - Leabgarrow,2.928,0.725,0
2022-02-25T12:05:00Z,Aranmore Island - Leabgarrow,2.776,0.573,0
2022-02-25T12:10:00Z,Aranmore Island - Leabgarrow,2.799,0.596,0
2022-02-25T12:15:00Z,Aranmore Island - Leabgarrow,2.756,0.553,0
2022-02-25T12:20:00Z,Aranmore Island - Leabgarrow,2.895,0.692,0
2022-02-25T12:25:00Z,Aranmore Island - Leabgarrow,2.921,0.718,0
2022-02-25T12:30:00Z,Aranmore Island - Leabgarrow,2.848,0.645,0
2022-02-25T12:35:00Z,Aranmore Island - Leabgarrow,2.851,0.648,0
2022-02-25T12:40:00Z,Aranmore Island - Leabgarrow,2.739,0.536,0
2022-02-25T12:45:00Z,Aranmore Island - Leabgarrow,3.001,0.798,0
2022-02-25T12:50:00Z,Aranmore Island - Leabgarrow,2.841,0.638,0
2022-02-25T12:55:00Z,Aranmore Island - Leabgarrow,2.944,0.741,0
2022-02-25T13:00:00Z,Aranmore Island - Leabgarrow,2.968,0.765,0
2022-02-25T13:05:00Z,Aranmore Island - Leabgarrow,2.889,0.686,0
2022-02-25T13:10:00Z,Aranmore Island - Leabgarrow,2.958,0.755,0
2022-02-25T13:15:00Z,Aranmore Island - Leabgarrow,2.843,0.64,0
2022-02-25T13:20:00Z,Aranmore Island - Leabgarrow,2.852,0.649,0
2022-02-25T13:25:00Z,Aranmore Island - Leabgarrow,2.856,0.653,0
2022-02-25T13:30:00Z,Aranmore Island - Leabgarrow,2.852,0.649,0
2022-02-25T13:35:00Z,Aranmore Island - Leabgarrow,2.852,0.649,0
2022-02-25T13:40:00Z,Aranmore Island - Leabgarrow,2.858,0.655,0
2022-02-25T13:45:00Z,Aranmore Island - Leabgarrow,2.806,0.603,0
2022-02-25T13:50:00Z,Aranmore Island - Leabgarrow,2.76,0.557,0
2022-02-25T13:55:00Z,Aranmore Island - Leabgarrow,2.784,0.581,0
2022-02-25T14:00:00Z,Aranmore Island - Leabgarrow,2.783,0.58,0
2022-02-25T14:05:00Z,Aranmore Island - Leabgarrow,2.801,0.598,0
2022-02-25T14:10:00Z,Aranmore Island - Leabgarrow,2.707,0.504,0
2022-02-25T14:15:00Z,Aranmore Island - Leabgarrow,2.663,0.46,0
2022-02-25T14:20:00Z,Aranmore Island - Leabgarrow,2.598,0.395,0
2022-02-25T14:25:00Z,Aranmore Island - Leabgarrow,2.574,0.371,0
2022-02-25T14:30:00Z,Aranmore Island - Leabgarrow,2.588,0.385,0
2022-02-25T14:35:00Z,Aranmore Island - Leabgarrow,2.679,0.476,0
2022-02-25T14:40:00Z,Aranmore Island - Leabgarrow,2.564,0.361,0
2022-02-25T14:45:00Z,Aranmore Island - Leabgarrow,2.543,0.34,0
2022-02-25T14:50:00Z,Aranmore Island - Leabgarrow,2.433,0.23,0
2022-02-25T14:55:00Z,Aranmore Island - Leabgarrow,2.408,0.205,0
2022-02-25T15:00:00Z,Aranmore Island - Leabgarrow,2.376,0.173,0
2022-02-25T15:05:00Z,Aranmore Island - Leabgarrow,2.448,0.245,0
2022-02-25T15:10:00Z,Aranmore Island - Leabgarrow,2.426,0.223,0
2022-02-25T15:15:00Z,Aranmore Island - Leabgarrow,2.365,0.162,0
2022-02-25T15:20:00Z,Aranmore Island - Leabgarrow,2.296,0.093,0
2022-02-25T15:25:00Z,Aranmore Island - Leabgarrow,2.281,0.078,0
2022-02-25T15:30:00Z,Aranmore Island - Leabgarrow,2.277,0.074,0
2022-02-25T15:35:00Z,Aranmore Island - Leabgarrow,2.305,0.102,0
2022-02-25T15:40:00Z,Aranmore Island - Leabgarrow,2.158,-0.045,0
2022-02-25T15:45:00Z,Aranmore Island - Leabgarrow,2.289,0.086,0
2022-02-25T15:50:00Z,Aranmore Island - Leabgarrow,2.045,-0.158,0
2022-02-25T15:55:00Z,Aranmore Island - Leabgarrow,2.194,-0.009,0
2022-02-25T16:00:00Z,Aranmore Island - Leabgarrow,2.265,0.062,0
2022-02-25T16:05:00Z,Aranmore Island - Leabgarrow,1.973,-0.23,0
2022-02-25T16:10:00Z,Aranmore Island - Leabgarrow,1.975,-0.228,0
2022-02-25T16:15:00Z,Aranmore Island - Leabgarrow,2.002,-0.201,0
2022-02-25T16:20:00Z,Aranmore Island - Leabgarrow,2.008,-0.195,0
2022-02-25T16:25:00Z,Aranmore Island - Leabgarrow,1.912,-0.291,0
2022-02-25T16:30:00Z,Aranmore Island - Leabgarrow,1.853,-0.35,0
2022-02-25T16:35:00Z,Aranmore Island - Leabgarrow,1.956,-0.247,0
2022-02-25T16:40:00Z,Aranmore Island - Leabgarrow,1.804,-0.399,0
2022-02-25T16:45:00Z,Aranmore Island - Leabgarrow,1.893,-0.31,0
2022-02-25T16:50:00Z,Aranmore Island - Leabgarrow,1.808,-0.395,0
2022-02-25T16:55:00Z,Aranmore Island - Leabgarrow,1.824,-0.379,0
2022-02-25T17:00:00Z,Aranmore Island - Leabgarrow,1.618,-0.585,0
2022-02-25T17:05:00Z,Aranmore Island - Leabgarrow,1.777,-0.426,0
2022-02-25T17:10:00Z,Aranmore Island - Leabgarrow,1.698,-0.505,0
2022-02-25T17:15:00Z,Aranmore Island - Leabgarrow,1.677,-0.526,0
2022-02-25T17:20:00Z,Aranmore Island - Leabgarrow,1.717,-0.486,0
2022-02-25T17:25:00Z,Aranmore Island - Leabgarrow,1.648,-0.555,0
2022-02-25T17:30:00Z,Aranmore Island - Leabgarrow,1.531,-0.672,0
2022-02-25T17:35:00Z,Aranmore Island - Leabgarrow,1.624,-0.579,0
2022-02-25T17:40:00Z,Aranmore Island - Leabgarrow,1.521,-0.682,0
2022-02-25T17:45:00Z,Aranmore Island - Leabgarrow,1.644,-0.559,0
2022-02-25T17:50:00Z,Aranmore Island - Leabgarrow,1.577,-0.626,0
2022-02-25T17:55:00Z,Aranmore Island - Leabgarrow,1.479,-0.724,0
2022-02-25T18:00:00Z,Aranmore Island - Leabgarrow,1.452,-0.751,0
2022-02-25T18:05:00Z,Aranmore Island - Leabgarrow,1.413,-0.79,0
2022-02-25T18:10:00Z,Aranmore Island - Leabgarrow,1.551,-0.652,0
2022-02-25T18:15:00Z,Aranmore Island - Leabgarrow,1.411,-0.792,0
2022-02-25T18:20:00Z,Aranmore Island - Leabgarrow,1.488,-0.715,0
2022-02-25T18:25:00Z,Aranmore Island - Leabgarrow,1.491,-0.712,0
2022-02-25T18:30:00Z,Aranmore Island - Leabgarrow,1.452,-0.751,0
2022-02-25T18:35:00Z,Aranmore Island - Leabgarrow,1.41,-0.793,0
2022-02-25T18:40:00Z,Aranmore Island - Leabgarrow,1.417,-0.786,0
2022-02-25T18:45:00Z,Aranmore Island - Leabgarrow,1.355,-0.848,0
2022-02-25T18:50:00Z,Aranmore Island - Leabgarrow,1.382,-0.821,0
2022-02-25T18:55:00Z,Aranmore Island - Leabgarrow,1.399,-0.804,0
2022-02-25T19:00:00Z,Aranmore Island - Leabgarrow,1.447,-0.756,0
2022-02-25T19:05:00Z,Aranmore Island - Leabgarrow,1.469,-0.734,0
2022-02-25T19:10:00Z,Aranmore Island - Leabgarrow,1.46,-0.743,0
2022-02-25T19:15:00Z,Aranmore Island - Leabgarrow,1.452,-0.751,0
2022-02-25T19:20:00Z,Aranmore Island - Leabgarrow,1.449,-0.754,0
2022-02-25T19:25:00Z,Aranmore Island - Leabgarrow,1.435,-0.768,0
2022-02-25T19:30:00Z,Aranmore Island - Leabgarrow,1.467,-0.736,0
2022-02-25T19:35:00Z,Aranmore Island - Leabgarrow,1.468,-0.735,0
2022-02-25T19:40:00Z,Aranmore Island - Leabgarrow,1.449,-0.754,0
2022-02-25T19:45:00Z,Aranmore Island - Leabgarrow,1.358,-0.845,0
2022-02-25T19:50:00Z,Aranmore Island - Leabgarrow,1.433,-0.77,0
2022-02-25T19:55:00Z,Aranmore Island - Leabgarrow,1.514,-0.689,0
2022-02-25T20:00:00Z,Aranmore Island - Leabgarrow,1.514,-0.689,0
2022-02-25T20:05:00Z,Aranmore Island - Leabgarrow,1.497,-0.706,0
2022-02-25T20:10:00Z,Aranmore Island - Leabgarrow,1.606,-0.597,0
2022-02-25T20:15:00Z,Aranmore Island - Leabgarrow,1.587,-0.616,0
2022-02-25T20:20:00Z,Aranmore Island - Leabgarrow,1.601,-0.602,0
2022-02-25T20:25:00Z,Aranmore Island - Leabgarrow,1.582,-0.621,0
2022-02-25T20:30:00Z,Aranmore Island - Leabgarrow,1.601,-0.602,0
2022-02-25T20:35:00Z,Aranmore Island - Leabgarrow,1.693,-0.51,0
2022-02-25T20:40:00Z,Aranmore Island - Leabgarrow,1.693,-0.51,0
2022-02-25T20:45:00Z,Aranmore Island - Leabgarrow,1.643,-0.56,0
2022-02-25T20:50:00Z,Aranmore Island - Leabgarrow,1.74,-0.463,0
2022-02-25T20:55:00Z,Aranmore Island - Leabgarrow,1.761,-0.442,0
2022-02-25T21:00:00Z,Aranmore Island - Leabgarrow,1.74,-0.463,0
2022-02-25T21:05:00Z,Aranmore Island - Leabgarrow,1.881,-0.322,0
2022-02-25T21:10:00Z,Aranmore Island - Leabgarrow,1.878,-0.325,0
2022-02-25T21:15:00Z,Aranmore Island - Leabgarrow,1.895,-0.308,0
2022-02-25T21:20:00Z,Aranmore Island - Leabgarrow,1.838,-0.365,0
2022-02-25T21:25:00Z,Aranmore Island - Leabgarrow,1.838,-0.365,0
2022-02-25T21:30:00Z,Aranmore Island - Leabgarrow,1.921,-0.282,0
2022-02-25T21:35:00Z,Aranmore Island - Leabgarrow,1.981,-0.222,0
2022-02-25T21:40:00Z,Aranmore Island - Leabgarrow,2.112,-0.091,0
2022-02-25T21:45:00Z,Aranmore Island - Leabgarrow,2.023,-0.18,0
2022-02-25T21:50:00Z,Aranmore Island - Leabgarrow,2.077,-0.126,0
2022-02-25T21:55:00Z,Aranmore Island - Leabgarrow,2.139,-0.064,0
2022-02-25T22:00:00Z,Aranmore Island - Leabgarrow,2.197,-0.006,0
2022-02-25T22:05:00Z,Aranmore Island - Leabgarrow,2.178,-0.025,0
2022-02-25T22:10:00Z,Aranmore Island - Leabgarrow,2.155,-0.048,0
2022-02-25T22:15:00Z,Aranmore Island - Leabgarrow,2.206,0.003,0
2022-02-25T22:20:00Z,Aranmore Island - Leabgarrow,2.273,0.07,0
2022-02-25T22:25:00Z,Aranmore Island - Leabgarrow,2.27,0.067,0
2022-02-25T22:30:00Z,Aranmore Island - Leabgarrow,2.37,0.167,0
2022-02-25T22:35:00Z,Aranmore Island - Leabgarrow,2.39,0.187,0
2022-02-25T22:40:00Z,Aranmore Island - Leabgarrow,2.307,0.104,0
2022-02-25T22:45:00Z,Aranmore Island - Leabgarrow,2.468,0.265,0
2022-02-25T22:50:00Z,Aranmore Island - Leabgarrow,2.44,0.237,0
2022-02-25T22:55:00Z,Aranmore Island - Leabgarrow,2.526,0.323,0
2022-02-25T23:00:00Z,Aranmore Island - Leabgarrow,2.545,0.342,0
2022-02-25T23:05:00Z,Aranmore Island - Leabgarrow,2.575,0.372,0
2022-02-25T23:10:00Z,Aranmore Island - Leabgarrow,2.658,0.455,0
2022-02-25T23:15:00Z,Aranmore Island - Leabgarrow,2.719,0.516,0
2022-02-25T23:20:00Z,Aranmore Island - Leabgarrow,2.677,0.474,0
2022-02-25T23:25:00Z,Aranmore Island - Leabgarrow,2.686,0.483,0
2022-02-25T23:30:00Z,Aranmore Island - Leabgarrow,2.744,0.541,0
2022-02-25T23:35:00Z,Aranmore Island - Leabgarrow,2.767,0.564,0
2022-02-25T23:40:00Z,Aranmore Island - Leabgarrow,2.833,0.63,0
2022-02-25T23:45:00Z,Aranmore Island - Leabgarrow,2.834,0.631,0
2022-02-25T23:50:00Z,Aranmore Island - Leabgarrow,2.834,0.631,0
2022-02-25T23:55:00Z,Aranmore Island - Leabgarrow,2.921,0.718,0
